note,start_time,end_time,duration,velocity
40,1752118062.706798,1752118062.939928,0.23312997817993164,45
38,1752118062.706811,1752118062.939939,0.23312807083129883,43
